best,avg,ratio,count,1-ratio
18.9,30.2,0.367447596,56,0.632552404
